price_usd,price_per_day_usd,departure_date,return_date,trip_days,day_of_week,month_name,destination_code,destination_name,is_nonstop,out_airlines,out_stops,out_layovers,out_duration,out_departure_time,out_arrival_time,in_airlines,in_stops,in_layovers,in_duration,in_departure_time,in_arrival_time,booking_url,scraped_at
1873.00,133.79,2026-07-18,2026-08-01,14,Saturday,July,NGO,Nagoya (Chubu Centrair),False,"JetBlue, Asiana Airlines",2,"JFK, ICN",4h 09m,8:30 pm,10:55 am+2,"Asiana Airlines, JetBlue",2,,3h 05m,11:55 am,7:09 am+1,https://www.kayak.com/flights/BOS-NGO/2026-07-18/2026-08-01?sort=price_a,2026-04-26 10:08:04
1746.00,124.71,2026-07-18,2026-08-01,14,Saturday,July,NRT,Tokyo (Narita),False,Qatar Airways,1,DOH,3h 50m,10:00 pm,12:55 pm+2,Qatar Airways,1,,25h 55m,10:25 pm,3:15 pm+1,https://www.kayak.com/flights/BOS-NRT/2026-07-18/2026-08-01?sort=price_a,2026-04-26 10:08:04
1600.00,114.29,2026-07-18,2026-08-01,14,Saturday,July,KIX,Osaka (Kansai),False,Air Canada,3,"YYZ, YYC, TPE",4h 02m,5:00 pm,4:25 pm+2,"China Airlines, WestJet",3,"YVR, YXX",4h 39m,7:05 pm,5:40 pm+1,https://www.kayak.com/flights/BOS-KIX/2026-07-18/2026-08-01?sort=price_a,2026-04-26 10:08:06
1809.00,129.21,2026-07-18,2026-08-01,14,Saturday,July,HND,Tokyo (Haneda),False,ANA,1,ANA,2h 58m,7:19 am,3:25 pm+1,ANA,1,ORD,19h 06m,3:50 pm,1:11 am+1,https://www.kayak.com/flights/BOS-HND/2026-07-18/2026-08-01?sort=price_a,2026-04-26 10:08:16
1475.00,105.36,2026-07-19,2026-08-02,14,Sunday,July,NRT,Tokyo (Narita),False,United Airlines,1,DEN,1h 21m,7:45 am,2:30 pm+1,United Airlines,1,SFO,17h 45m,5:00 pm,6:21 am+1,https://www.kayak.com/flights/BOS-NRT/2026-07-19/2026-08-02?sort=price_a,2026-04-26 10:08:26
1474.00,105.29,2026-07-19,2026-08-02,14,Sunday,July,HND,Tokyo (Haneda),False,United Airlines,1,EWR,1h 07m,8:00 am,1:35 pm+1,United Airlines,1,SFO,16h 35m,10:55 pm,8:01 am+1,https://www.kayak.com/flights/BOS-HND/2026-07-19/2026-08-02?sort=price_a,2026-04-26 10:08:28
1602.00,114.43,2026-07-19,2026-08-02,14,Sunday,July,KIX,Osaka (Kansai),False,United Airlines,1,SFO,1h 43m,6:00 am,2:50 pm+1,United Airlines,2,"HND, NRT",19h 50m,9:20 am,1:11 am+1,https://www.kayak.com/flights/BOS-KIX/2026-07-19/2026-08-02?sort=price_a,2026-04-26 10:08:31
1485.00,106.07,2026-07-19,2026-08-02,14,Sunday,July,NGO,Nagoya (Chubu Centrair),False,United Airlines,2,"EWR, HND",1h 07m,8:00 am,6:35 pm+1,United Airlines,2,"NRT, SFO",3h 50m,2:00 pm,8:01 am+1,https://www.kayak.com/flights/BOS-NGO/2026-07-19/2026-08-02?sort=price_a,2026-04-26 10:08:41
1257.00,89.79,2026-07-20,2026-08-03,14,Monday,July,NRT,Tokyo (Narita),False,WestJet,1,YYC,4h 00m,7:25 am,4:20 pm+1,WestJet,1,,19h 55m,6:30 pm,10:20 pm,https://www.kayak.com/flights/BOS-NRT/2026-07-20/2026-08-03?sort=price_a,2026-04-26 10:08:49
1581.00,112.93,2026-07-20,2026-08-03,14,Monday,July,HND,Tokyo (Haneda),False,ANA,1,ANA,1h 38m,9:30 am,3:55 pm+1,ANA,1,IAD,17h 25m,3:50 pm,1:11 am+1,https://www.kayak.com/flights/BOS-HND/2026-07-20/2026-08-03?sort=price_a,2026-04-26 10:08:51
1482.00,105.86,2026-07-20,2026-08-03,14,Monday,July,KIX,Osaka (Kansai),False,United Airlines,1,SFO,1h 43m,6:00 am,2:50 pm+1,United Airlines,2,"HND, NRT",19h 50m,9:20 am,1:11 am+1,https://www.kayak.com/flights/BOS-KIX/2026-07-20/2026-08-03?sort=price_a,2026-04-26 10:08:55
1605.00,114.64,2026-07-20,2026-08-03,14,Monday,July,NGO,Nagoya (Chubu Centrair),False,United Airlines,2,"DEN, NRT",1h 21m,7:45 am,6:35 pm+1,United Airlines,2,"HND, SFO",2h 55m,7:20 am,6:21 am+1,https://www.kayak.com/flights/BOS-NGO/2026-07-20/2026-08-03?sort=price_a,2026-04-26 10:09:05
1563.00,111.64,2026-07-21,2026-08-04,14,Tuesday,July,NRT,Tokyo (Narita),False,WestJet,1,YYC,4h 00m,7:25 am,4:20 pm+1,Cathay Pacific,1,HKG,19h 55m,9:25 am,11:05 pm,https://www.kayak.com/flights/BOS-NRT/2026-07-21/2026-08-04?sort=price_a,2026-04-26 10:09:11
1591.00,113.64,2026-07-21,2026-08-04,14,Tuesday,July,HND,Tokyo (Haneda),False,ANA,1,ANA,1h 38m,9:30 am,3:55 pm+1,ANA,1,IAD,17h 25m,5:15 pm,11:18 pm,https://www.kayak.com/flights/BOS-HND/2026-07-21/2026-08-04?sort=price_a,2026-04-26 10:09:14
1553.00,110.93,2026-07-21,2026-08-04,14,Tuesday,July,KIX,Osaka (Kansai),False,United Airlines,1,SFO,1h 43m,6:00 am,2:50 pm+1,United Airlines,2,"HND, NRT",19h 50m,9:20 am,11:16 am+1,https://www.kayak.com/flights/BOS-KIX/2026-07-21/2026-08-04?sort=price_a,2026-04-26 10:09:19
1653.00,118.07,2026-07-21,2026-08-04,14,Tuesday,July,NGO,Nagoya (Chubu Centrair),False,ANA,2,"ANA, SFO",1h 45m,7:28 am,6:35 pm+1,ANA,2,NRT,2h 00m,2:00 pm,1:11 am+1,https://www.kayak.com/flights/BOS-NGO/2026-07-21/2026-08-04?sort=price_a,2026-04-26 10:09:27
1420.00,101.43,2026-07-22,2026-08-05,14,Wednesday,July,NRT,Tokyo (Narita),False,United Airlines,1,SFO,3h 13m,6:00 am,3:25 pm+1,United Airlines,1,LAX,20h 25m,5:00 pm,7:39 am+1,https://www.kayak.com/flights/BOS-NRT/2026-07-22/2026-08-05?sort=price_a,2026-04-26 10:09:35
1633.00,116.64,2026-07-22,2026-08-05,14,Wednesday,July,HND,Tokyo (Haneda),False,United Airlines,1,EWR,1h 07m,8:00 am,1:35 pm+1,United Airlines,1,,16h 35m,5:45 pm,9:53 pm,https://www.kayak.com/flights/BOS-HND/2026-07-22/2026-08-05?sort=price_a,2026-04-26 10:09:37
1580.00,112.86,2026-07-22,2026-08-05,14,Wednesday,July,KIX,Osaka (Kansai),False,Air Canada,1,YYZ,23h 17m,12:30 pm,4:25 pm+2,"China Airlines, Air Canada",3,"TPE, YVR",38h 55m,2:00 pm,9:53 am+1,https://www.kayak.com/flights/BOS-KIX/2026-07-22/2026-08-05?sort=price_a,2026-04-26 10:09:42
1866.00,133.29,2026-07-22,2026-08-05,14,Wednesday,July,NGO,Nagoya (Chubu Centrair),False,"Alaska Airlines, Alaska Airlines",2,"SEA, NRT",1h 07m,9:00 am,8:10 pm+1,"Alaska Airlines, Alaska Airlines",2,,2h 55m,2:35 pm,11:59 pm,https://www.kayak.com/flights/BOS-NGO/2026-07-22/2026-08-05?sort=price_a,2026-04-26 10:09:52
1482.00,105.86,2026-07-23,2026-08-06,14,Thursday,July,NRT,Tokyo (Narita),False,WestJet,1,YYC,4h 00m,7:25 am,4:20 pm+1,WestJet,1,,19h 55m,6:30 pm,5:40 pm+1,https://www.kayak.com/flights/BOS-NRT/2026-07-23/2026-08-06?sort=price_a,2026-04-26 10:09:59
1688.00,120.57,2026-07-24,2026-08-07,14,Friday,July,HND,Tokyo (Haneda),False,United Airlines,1,SFO,1h 28m,6:00 am,1:55 pm+1,United Airlines,1,EWR,18h 55m,5:45 pm,9:53 pm,https://www.kayak.com/flights/BOS-HND/2026-07-24/2026-08-07?sort=price_a,2026-04-26 10:12:41
1635.00,116.79,2026-07-24,2026-08-07,14,Friday,July,KIX,Osaka (Kansai),False,Etihad Airways,1,AUH,8h 25m,4:25 pm,11:50 am+2,Etihad Airways,1,,30h 25m,6:40 pm,2:40 pm+1,https://www.kayak.com/flights/BOS-KIX/2026-07-24/2026-08-07?sort=price_a,2026-04-26 10:12:55
1485.00,106.07,2026-07-24,2026-08-07,14,Friday,July,NGO,Nagoya (Chubu Centrair),False,United Airlines,2,"SFO, NRT",2h 58m,6:00 am,6:35 pm+1,United Airlines,2,HND,2h 25m,2:00 pm,6:21 am+1,https://www.kayak.com/flights/BOS-NGO/2026-07-24/2026-08-07?sort=price_a,2026-04-26 10:13:00
1763.00,125.93,2026-07-25,2026-08-08,14,Saturday,July,NRT,Tokyo (Narita),False,"JetBlue, Asiana Airlines",2,"JFK, ICN",4h 09m,8:30 pm,10:50 am+2,"Asiana Airlines, JetBlue",2,,2h 20m,12:50 pm,7:09 am+1,https://www.kayak.com/flights/BOS-NRT/2026-07-25/2026-08-08?sort=price_a,2026-04-26 10:13:04
1599.00,114.21,2026-07-25,2026-08-08,14,Saturday,July,HND,Tokyo (Haneda),False,United Airlines,2,"DEN, SFO",3h 15m,3:10 pm,4:25 am+2,United Airlines,2,"SEA, EWR",2h 44m,9:15 pm,9:51 am+1,https://www.kayak.com/flights/BOS-HND/2026-07-25/2026-08-08?sort=price_a,2026-04-26 10:13:05
1883.00,134.50,2026-07-25,2026-08-08,14,Saturday,July,KIX,Osaka (Kansai),False,United Airlines,1,SFO,1h 43m,6:00 am,2:50 pm+1,United Airlines,2,DEN,19h 50m,4:55 pm,6:00 am+1,https://www.kayak.com/flights/BOS-KIX/2026-07-25/2026-08-08?sort=price_a,2026-04-26 10:13:19
1485.00,106.07,2026-07-25,2026-08-08,14,Saturday,July,NGO,Nagoya (Chubu Centrair),False,United Airlines,2,"SFO, HND",10h 58m,8:20 pm,6:35 pm+2,United Airlines,2,"NRT, IAH",3h 30m,7:20 am,5:34 pm,https://www.kayak.com/flights/BOS-NGO/2026-07-25/2026-08-08?sort=price_a,2026-04-26 10:13:24
1471.00,105.07,2026-07-26,2026-08-09,14,Sunday,July,NRT,Tokyo (Narita),False,WestJet,1,YYC,4h 00m,7:25 am,4:20 pm+1,WestJet,1,,19h 55m,6:30 pm,5:40 pm+1,https://www.kayak.com/flights/BOS-NRT/2026-07-26/2026-08-09?sort=price_a,2026-04-26 10:13:26
1707.00,121.93,2026-07-26,2026-08-09,14,Sunday,July,HND,Tokyo (Haneda),False,ANA,1,ANA,2h 03m,8:15 am,3:25 pm+1,ANA,1,ORD,18h 10m,5:15 pm,9:56 pm,https://www.kayak.com/flights/BOS-HND/2026-07-26/2026-08-09?sort=price_a,2026-04-26 10:13:29
1635.00,116.79,2026-07-26,2026-08-09,14,Sunday,July,KIX,Osaka (Kansai),False,Etihad Airways,1,AUH,8h 25m,4:25 pm,11:50 am+2,Etihad Airways,1,,30h 25m,6:40 pm,2:40 pm+1,https://www.kayak.com/flights/BOS-KIX/2026-07-26/2026-08-09?sort=price_a,2026-04-26 10:13:43
1707.00,121.93,2026-07-26,2026-08-09,14,Sunday,July,NGO,Nagoya (Chubu Centrair),False,ANA,2,"ANA, ORD",0h 45m,3:08 pm,6:35 pm+2,ANA,2,"HND, NRT",20h 10m,2:00 pm,2:40 pm+1,https://www.kayak.com/flights/BOS-NGO/2026-07-26/2026-08-09?sort=price_a,2026-04-26 10:13:48
1475.00,105.36,2026-07-27,2026-08-10,14,Monday,July,NRT,Tokyo (Narita),False,United Airlines,1,EWR,2h 17m,8:00 am,2:30 pm+1,United Airlines,1,,17h 30m,5:25 pm,9:53 pm,https://www.kayak.com/flights/BOS-NRT/2026-07-27/2026-08-10?sort=price_a,2026-04-26 10:13:49
1529.00,109.21,2026-07-27,2026-08-10,14,Monday,July,HND,Tokyo (Haneda),False,ANA,1,ANA,2h 03m,8:15 am,3:25 pm+1,ANA,1,ORD,18h 10m,5:15 pm,11:18 pm,https://www.kayak.com/flights/BOS-HND/2026-07-27/2026-08-10?sort=price_a,2026-04-26 10:13:53
1478.00,105.57,2026-07-27,2026-08-10,14,Monday,July,KIX,Osaka (Kansai),False,United Airlines,1,SFO,1h 43m,6:00 am,2:50 pm+1,United Airlines,1,,19h 50m,4:55 pm,1:11 am+1,https://www.kayak.com/flights/BOS-KIX/2026-07-27/2026-08-10?sort=price_a,2026-04-26 10:14:06
1605.00,114.64,2026-07-27,2026-08-10,14,Monday,July,NGO,Nagoya (Chubu Centrair),False,United Airlines,2,"DEN, NRT",1h 21m,7:45 am,6:35 pm+1,United Airlines,2,"HND, SFO",2h 55m,2:00 pm,6:21 am+1,https://www.kayak.com/flights/BOS-NGO/2026-07-27/2026-08-10?sort=price_a,2026-04-26 10:14:12
1319.00,94.21,2026-07-28,2026-08-11,14,Tuesday,July,NRT,Tokyo (Narita),False,WestJet,1,YYC,4h 00m,7:25 am,4:20 pm+1,WestJet,1,,19h 55m,6:30 pm,5:40 pm+1,https://www.kayak.com/flights/BOS-NRT/2026-07-28/2026-08-11?sort=price_a,2026-04-26 10:14:28
1477.00,105.50,2026-07-28,2026-08-11,14,Tuesday,July,HND,Tokyo (Haneda),False,United Airlines,1,EWR,1h 07m,8:00 am,1:35 pm+1,United Airlines,1,,16h 35m,5:45 pm,9:58 pm,https://www.kayak.com/flights/BOS-HND/2026-07-28/2026-08-11?sort=price_a,2026-04-26 10:14:36
1423.00,101.64,2026-07-28,2026-08-11,14,Tuesday,July,KIX,Osaka (Kansai),False,United Airlines,1,SFO,1h 43m,6:00 am,2:50 pm+1,United Airlines,1,,19h 50m,4:55 pm,11:25 pm,https://www.kayak.com/flights/BOS-KIX/2026-07-28/2026-08-11?sort=price_a,2026-04-26 10:14:52
1592.00,113.71,2026-07-28,2026-08-11,14,Tuesday,July,NGO,Nagoya (Chubu Centrair),False,"Alaska Airlines, Alaska Airlines",2,"SEA, NRT",1h 07m,9:00 am,8:10 pm+1,"Alaska Airlines, Alaska Airlines",2,HND,2h 55m,8:55 pm,11:59 pm+1,https://www.kayak.com/flights/BOS-NGO/2026-07-28/2026-08-11?sort=price_a,2026-04-26 10:14:59
1317.00,94.07,2026-07-29,2026-08-12,14,Wednesday,July,NRT,Tokyo (Narita),False,WestJet,1,YYC,16h 55m,6:30 pm,4:20 pm+2,WestJet,1,,32h 50m,6:30 pm,10:20 pm,https://www.kayak.com/flights/BOS-NRT/2026-07-29/2026-08-12?sort=price_a,2026-04-26 10:15:02
1412.00,100.86,2026-07-29,2026-08-12,14,Wednesday,July,HND,Tokyo (Haneda),False,ANA,1,ANA,1h 38m,9:30 am,3:55 pm+1,ANA,1,IAD,17h 25m,3:50 pm,11:25 pm,https://www.kayak.com/flights/BOS-HND/2026-07-29/2026-08-12?sort=price_a,2026-04-26 10:15:03
1415.00,101.07,2026-07-29,2026-08-12,14,Wednesday,July,KIX,Osaka (Kansai),False,ANA,2,"ANA, IAD",1h 38m,9:30 am,7:50 pm+1,ANA,2,"HND, NRT",2h 30m,9:20 am,11:25 pm,https://www.kayak.com/flights/BOS-KIX/2026-07-29/2026-08-12?sort=price_a,2026-04-26 10:15:15
1468.00,104.86,2026-07-30,2026-08-13,14,Thursday,July,NGO,Nagoya (Chubu Centrair),False,ANA,2,"ANA, SFO",1h 30m,7:28 am,6:35 pm+1,ANA,2,NRT,2h 25m,2:00 pm,11:25 pm,https://www.kayak.com/flights/BOS-NGO/2026-07-30/2026-08-13?sort=price_a,2026-04-26 10:18:00
1474.00,105.29,2026-07-31,2026-08-14,14,Friday,July,HND,Tokyo (Haneda),False,United Airlines,1,EWR,1h 07m,8:00 am,1:35 pm+1,United Airlines,1,SFO,16h 35m,10:55 pm,5:50 am+1,https://www.kayak.com/flights/BOS-HND/2026-07-31/2026-08-14?sort=price_a,2026-04-26 10:18:09
1468.00,104.86,2026-07-31,2026-08-14,14,Friday,July,NRT,Tokyo (Narita),False,ANA,1,ANA,1h 30m,7:28 am,3:00 pm+1,ANA,1,SFO,18h 32m,5:05 pm,11:25 pm,https://www.kayak.com/flights/BOS-NRT/2026-07-31/2026-08-14?sort=price_a,2026-04-26 10:18:11
1587.00,113.36,2026-07-31,2026-08-14,14,Friday,July,NGO,Nagoya (Chubu Centrair),False,ANA,2,"ANA, SFO",1h 45m,7:28 am,6:35 pm+1,ANA,2,"NRT, HND",2h 00m,7:20 am,2:45 pm,https://www.kayak.com/flights/BOS-NGO/2026-07-31/2026-08-14?sort=price_a,2026-04-26 10:18:23
1521.00,108.64,2026-07-31,2026-08-14,14,Friday,July,KIX,Osaka (Kansai),False,United Airlines,1,SFO,1h 43m,6:00 am,2:50 pm+1,United Airlines,1,,19h 50m,4:55 pm,11:25 pm,https://www.kayak.com/flights/BOS-KIX/2026-07-31/2026-08-14?sort=price_a,2026-04-26 10:18:30
1351.00,96.50,2026-08-01,2026-08-15,14,Saturday,August,NRT,Tokyo (Narita),False,WestJet,1,YYC,16h 55m,6:30 pm,4:20 pm+2,WestJet,1,,32h 50m,6:30 pm,10:20 pm,https://www.kayak.com/flights/BOS-NRT/2026-08-01/2026-08-15?sort=price_a,2026-04-26 10:18:32
1481.00,105.79,2026-08-01,2026-08-15,14,Saturday,August,HND,Tokyo (Haneda),False,United Airlines,1,IAD,15h 34m,7:27 pm,3:55 pm+2,United Airlines,1,ORD,31h 28m,10:40 am,2:07 pm,https://www.kayak.com/flights/BOS-HND/2026-08-01/2026-08-15?sort=price_a,2026-04-26 10:18:35
1600.00,114.29,2026-08-01,2026-08-15,14,Saturday,August,KIX,Osaka (Kansai),False,United Airlines,1,SFO,11h 13m,8:20 pm,2:50 pm+2,United Airlines,2,"HND, LAX",29h 30m,9:20 am,12:55 am+1,https://www.kayak.com/flights/BOS-KIX/2026-08-01/2026-08-15?sort=price_a,2026-04-26 10:18:46
1620.00,115.71,2026-08-01,2026-08-15,14,Saturday,August,NGO,Nagoya (Chubu Centrair),False,United Airlines,2,"EWR, HND",12h 30m,8:27 pm,6:35 pm+2,United Airlines,2,NRT,3h 50m,2:00 pm,8:11 am+1,https://www.kayak.com/flights/BOS-NGO/2026-08-01/2026-08-15?sort=price_a,2026-04-26 10:18:54
1451.00,103.64,2026-08-02,2026-08-16,14,Sunday,August,NRT,Tokyo (Narita),False,WestJet,1,YYC,16h 55m,6:30 pm,4:20 pm+2,WestJet,1,,32h 50m,6:30 pm,10:20 pm,https://www.kayak.com/flights/BOS-NRT/2026-08-02/2026-08-16?sort=price_a,2026-04-26 10:18:54
1594.00,113.86,2026-08-02,2026-08-16,14,Sunday,August,HND,Tokyo (Haneda),False,United Airlines,1,IAD,5h 27m,5:45 am,3:55 pm+1,United Airlines,1,SFO,21h 10m,10:55 pm,5:50 am+1,https://www.kayak.com/flights/BOS-HND/2026-08-02/2026-08-16?sort=price_a,2026-04-26 10:18:58
1485.00,106.07,2026-08-02,2026-08-16,14,Sunday,August,KIX,Osaka (Kansai),False,United Airlines,2,"IAD, HND",5h 27m,5:45 am,7:50 pm+1,United Airlines,1,SFO,2h 30m,4:55 pm,11:25 pm,https://www.kayak.com/flights/BOS-KIX/2026-08-02/2026-08-16?sort=price_a,2026-04-26 10:19:09
1485.00,106.07,2026-08-02,2026-08-16,14,Sunday,August,NGO,Nagoya (Chubu Centrair),False,United Airlines,2,"SFO, NRT",1h 30m,7:28 am,6:35 pm+1,United Airlines,2,"HND, ORD",2h 25m,2:00 pm,5:36 pm+1,https://www.kayak.com/flights/BOS-NGO/2026-08-02/2026-08-16?sort=price_a,2026-04-26 10:19:16
1354.00,96.71,2026-08-03,2026-08-17,14,Monday,August,NRT,Tokyo (Narita),False,WestJet,1,YYC,4h 00m,7:25 am,4:20 pm+1,WestJet,1,,19h 55m,6:30 pm,10:20 pm,https://www.kayak.com/flights/BOS-NRT/2026-08-03/2026-08-17?sort=price_a,2026-04-26 10:19:18
1467.00,104.79,2026-08-03,2026-08-17,14,Monday,August,HND,Tokyo (Haneda),False,ANA,1,ANA,3h 22m,12:30 pm,9:15 pm+1,ANA,1,ORD,19h 45m,3:50 pm,11:25 pm,https://www.kayak.com/flights/BOS-HND/2026-08-03/2026-08-17?sort=price_a,2026-04-26 10:19:23
1478.00,105.57,2026-08-03,2026-08-17,14,Monday,August,KIX,Osaka (Kansai),False,United Airlines,1,SFO,1h 43m,6:00 am,2:50 pm+1,United Airlines,1,,19h 50m,4:55 pm,11:25 pm,https://www.kayak.com/flights/BOS-KIX/2026-08-03/2026-08-17?sort=price_a,2026-04-26 10:19:31
1468.00,104.86,2026-08-03,2026-08-17,14,Monday,August,NGO,Nagoya (Chubu Centrair),False,ANA,2,"ANA, SFO",1h 30m,7:28 am,6:35 pm+1,ANA,2,NRT,2h 25m,2:00 pm,11:25 pm,https://www.kayak.com/flights/BOS-NGO/2026-08-03/2026-08-17?sort=price_a,2026-04-26 10:19:40
1413.00,100.93,2026-08-04,2026-08-18,14,Tuesday,August,NRT,Tokyo (Narita),False,ANA,1,ANA,1h 38m,8:15 am,3:10 pm+1,ANA,1,ORD,17h 55m,5:05 pm,11:25 pm,https://www.kayak.com/flights/BOS-NRT/2026-08-04/2026-08-18?sort=price_a,2026-04-26 10:19:41
1415.00,101.07,2026-08-04,2026-08-18,14,Tuesday,August,HND,Tokyo (Haneda),False,ANA,1,ANA,0h 45m,3:08 pm,9:15 pm+1,ANA,2,"ORD, ITM",17h 07m,12:00 pm,11:25 pm,https://www.kayak.com/flights/BOS-HND/2026-08-04/2026-08-18?sort=price_a,2026-04-26 10:19:46
1423.00,101.64,2026-08-04,2026-08-18,14,Tuesday,August,KIX,Osaka (Kansai),False,United Airlines,1,SFO,1h 43m,6:00 am,2:50 pm+1,United Airlines,1,,19h 50m,4:55 pm,11:25 pm,https://www.kayak.com/flights/BOS-KIX/2026-08-04/2026-08-18?sort=price_a,2026-04-26 10:19:55
1536.00,109.71,2026-08-04,2026-08-18,14,Tuesday,August,NGO,Nagoya (Chubu Centrair),False,ANA,2,"ANA, ORD",1h 38m,8:15 am,6:35 pm+1,ANA,2,"NRT, HND",2h 15m,7:20 am,2:45 pm,https://www.kayak.com/flights/BOS-NGO/2026-08-04/2026-08-18?sort=price_a,2026-04-26 10:20:02
1406.00,100.43,2026-08-05,2026-08-19,14,Wednesday,August,NRT,Tokyo (Narita),False,"Alaska Airlines, Alaska Airlines",1,SEA,1h 07m,9:00 am,4:00 pm+1,"Alaska Airlines, Alaska Airlines",1,,18h 00m,6:00 pm,11:57 pm,https://www.kayak.com/flights/BOS-NRT/2026-08-05/2026-08-19?sort=price_a,2026-04-26 10:20:05
1487.00,106.21,2026-08-06,2026-08-20,14,Thursday,August,NGO,Nagoya (Chubu Centrair),False,United Airlines,2,"EWR, NRT",2h 17m,8:00 am,6:35 pm+1,United Airlines,2,,2h 55m,2:00 pm,9:58 pm,https://www.kayak.com/flights/BOS-NGO/2026-08-06/2026-08-20?sort=price_a,2026-04-26 10:22:27
1482.00,105.86,2026-08-07,2026-08-21,14,Friday,August,NRT,Tokyo (Narita),False,United Airlines,1,DEN,1h 21m,7:45 am,2:30 pm+1,United Airlines,1,EWR,17h 45m,5:25 pm,8:11 am+1,https://www.kayak.com/flights/BOS-NRT/2026-08-07/2026-08-21?sort=price_a,2026-04-26 10:22:38
1475.00,105.36,2026-08-06,2026-08-20,14,Thursday,August,HND,Tokyo (Haneda),False,Delta,1,MSP,1h 13m,7:10 am,1:05 pm+1,Delta,1,,16h 55m,4:05 pm,10:20 pm,https://www.kayak.com/flights/BOS-HND/2026-08-06/2026-08-20?sort=price_a,2026-04-26 10:22:50
1485.00,106.07,2026-08-07,2026-08-21,14,Friday,August,HND,Tokyo (Haneda),False,ANA,1,ANA,2h 03m,8:15 am,3:25 pm+1,ANA,1,ORD,18h 10m,10:55 pm,11:25 pm+1,https://www.kayak.com/flights/BOS-HND/2026-08-07/2026-08-21?sort=price_a,2026-04-26 10:22:50
1478.00,105.57,2026-08-06,2026-08-20,14,Thursday,August,KIX,Osaka (Kansai),False,United Airlines,1,SFO,11h 13m,8:20 pm,2:50 pm+2,United Airlines,2,IAD,29h 30m,4:55 pm,11:54 pm,https://www.kayak.com/flights/BOS-KIX/2026-08-06/2026-08-20?sort=price_a,2026-04-26 10:23:01
1451.00,103.64,2026-08-07,2026-08-21,14,Friday,August,KIX,Osaka (Kansai),False,United Airlines,2,"LAX, SFO",14h 44m,6:26 pm,2:50 pm+3,United Airlines,1,,21h 07m,4:55 pm,11:25 pm,https://www.kayak.com/flights/BOS-KIX/2026-08-07/2026-08-21?sort=price_a,2026-04-26 10:23:02
1468.00,104.86,2026-08-07,2026-08-21,14,Friday,August,NGO,Nagoya (Chubu Centrair),False,ANA,2,"ANA, ORD",1h 38m,8:15 am,6:35 pm+1,ANA,2,"NRT, SFO",2h 15m,2:00 pm,11:25 pm,https://www.kayak.com/flights/BOS-NGO/2026-08-07/2026-08-21?sort=price_a,2026-04-26 10:23:12
1480.00,105.71,2026-08-08,2026-08-22,14,Saturday,August,NRT,Tokyo (Narita),False,United Airlines,2,"ORD, IAH",0h 59m,6:45 pm,2:00 pm+2,United Airlines,1,EWR,10h 06m,5:25 pm,9:58 pm,https://www.kayak.com/flights/BOS-NRT/2026-08-08/2026-08-22?sort=price_a,2026-04-26 10:23:14
1483.00,105.93,2026-08-08,2026-08-22,14,Saturday,August,HND,Tokyo (Haneda),False,Delta,1,ATL,12h 46m,7:10 pm,2:15 pm+2,Delta,1,DTW,30h 05m,6:25 pm,11:32 pm,https://www.kayak.com/flights/BOS-HND/2026-08-08/2026-08-22?sort=price_a,2026-04-26 10:23:24
1488.00,106.29,2026-08-08,2026-08-22,14,Saturday,August,KIX,Osaka (Kansai),False,United Airlines,1,SFO,11h 13m,8:20 pm,2:50 pm+2,United Airlines,2,"HND, NRT",29h 30m,9:20 am,8:11 am+1,https://www.kayak.com/flights/BOS-KIX/2026-08-08/2026-08-22?sort=price_a,2026-04-26 10:23:38
1493.00,106.64,2026-08-08,2026-08-22,14,Saturday,August,NGO,Nagoya (Chubu Centrair),False,United Airlines,2,"SFO, HND",10h 58m,8:20 pm,6:35 pm+2,United Airlines,2,"NRT, EWR",3h 30m,2:00 pm,5:55 pm+1,https://www.kayak.com/flights/BOS-NGO/2026-08-08/2026-08-22?sort=price_a,2026-04-26 10:23:42
1383.00,98.79,2026-08-09,2026-08-23,14,Sunday,August,NRT,Tokyo (Narita),False,WestJet,1,YYC,4h 00m,7:25 am,4:20 pm+1,"ZIPAIR, Alaska Airlines",2,"SFO, SAN",19h 55m,9:30 pm,5:49 am+1,https://www.kayak.com/flights/BOS-NRT/2026-08-09/2026-08-23?sort=price_a,2026-04-26 10:23:48
1467.00,104.79,2026-08-09,2026-08-23,14,Sunday,August,HND,Tokyo (Haneda),False,ANA,1,ANA,1h 38m,9:30 am,3:55 pm+1,ANA,1,IAD,17h 25m,3:50 pm,11:25 pm,https://www.kayak.com/flights/BOS-HND/2026-08-09/2026-08-23?sort=price_a,2026-04-26 10:23:53
1478.00,105.57,2026-08-09,2026-08-23,14,Sunday,August,KIX,Osaka (Kansai),False,United Airlines,1,SFO,1h 43m,6:00 am,2:50 pm+1,United Airlines,1,,19h 50m,4:55 pm,11:25 pm,https://www.kayak.com/flights/BOS-KIX/2026-08-09/2026-08-23?sort=price_a,2026-04-26 10:24:01
1468.00,104.86,2026-08-09,2026-08-23,14,Sunday,August,NGO,Nagoya (Chubu Centrair),False,ANA,2,"ANA, SFO",1h 45m,7:28 am,6:35 pm+1,ANA,2,"NRT, HND",2h 00m,7:20 am,11:25 pm,https://www.kayak.com/flights/BOS-NGO/2026-08-09/2026-08-23?sort=price_a,2026-04-26 10:24:06
1166.00,83.29,2026-08-10,2026-08-24,14,Monday,August,NRT,Tokyo (Narita),False,WestJet,1,YYC,4h 00m,7:25 am,4:20 pm+1,"ZIPAIR, Alaska Airlines",2,"SFO, SAN",19h 55m,9:30 pm,5:49 am+1,https://www.kayak.com/flights/BOS-NRT/2026-08-10/2026-08-24?sort=price_a,2026-04-26 10:24:11
1426.00,101.86,2026-08-10,2026-08-24,14,Monday,August,HND,Tokyo (Haneda),False,ANA,1,ANA,21h 52m,12:30 pm,3:25 pm+2,ANA,2,"ORD, KIX",37h 55m,9:00 pm,11:25 pm+1,https://www.kayak.com/flights/BOS-HND/2026-08-10/2026-08-24?sort=price_a,2026-04-26 10:24:15
1478.00,105.57,2026-08-10,2026-08-24,14,Monday,August,KIX,Osaka (Kansai),False,United Airlines,1,SFO,1h 43m,6:00 am,2:50 pm+1,United Airlines,1,,19h 50m,4:55 pm,11:25 pm,https://www.kayak.com/flights/BOS-KIX/2026-08-10/2026-08-24?sort=price_a,2026-04-26 10:24:23
1468.00,104.86,2026-08-10,2026-08-24,14,Monday,August,NGO,Nagoya (Chubu Centrair),False,ANA,2,"ANA, ORD",1h 38m,8:15 am,6:35 pm+1,ANA,2,"NRT, SFO",2h 15m,2:00 pm,11:25 pm,https://www.kayak.com/flights/BOS-NGO/2026-08-10/2026-08-24?sort=price_a,2026-04-26 10:24:31
1255.00,89.64,2026-08-11,2026-08-25,14,Tuesday,August,NRT,Tokyo (Narita),False,WestJet,1,YYC,4h 00m,7:25 am,4:20 pm+1,WestJet,1,,19h 55m,6:30 pm,5:40 pm+1,https://www.kayak.com/flights/BOS-NRT/2026-08-11/2026-08-25?sort=price_a,2026-04-26 10:24:35
1412.00,100.86,2026-08-11,2026-08-25,14,Tuesday,August,HND,Tokyo (Haneda),False,ANA,1,ANA,0h 40m,3:13 pm,9:15 pm+1,ANA,1,ORD,17h 02m,5:15 pm,11:20 pm,https://www.kayak.com/flights/BOS-HND/2026-08-11/2026-08-25?sort=price_a,2026-04-26 10:24:38
1423.00,101.64,2026-08-11,2026-08-25,14,Tuesday,August,KIX,Osaka (Kansai),False,United Airlines,1,SFO,1h 40m,6:00 am,2:50 pm+1,United Airlines,1,,19h 50m,4:55 pm,11:25 pm,https://www.kayak.com/flights/BOS-KIX/2026-08-11/2026-08-25?sort=price_a,2026-04-26 10:24:48
1253.00,89.50,2026-08-13,2026-08-27,14,Thursday,August,NRT,Tokyo (Narita),False,WestJet,1,YYC,4h 00m,7:25 am,4:20 pm+1,"ZIPAIR, Frontier",2,"LAX, ATL",19h 55m,2:35 pm,7:52 am+1,https://www.kayak.com/flights/BOS-NRT/2026-08-13/2026-08-27?sort=price_a,2026-04-26 10:26:57
1423.00,101.64,2026-08-12,2026-08-26,14,Wednesday,August,KIX,Osaka (Kansai),False,United Airlines,1,SFO,1h 40m,6:00 am,2:50 pm+1,United Airlines,1,,19h 50m,4:55 pm,11:25 pm,https://www.kayak.com/flights/BOS-KIX/2026-08-12/2026-08-26?sort=price_a,2026-04-26 10:26:59
1467.00,104.79,2026-08-13,2026-08-27,14,Thursday,August,HND,Tokyo (Haneda),False,ANA,1,ANA,0h 40m,3:13 pm,9:15 pm+1,ANA,1,ORD,17h 02m,5:15 pm,9:55 pm,https://www.kayak.com/flights/BOS-HND/2026-08-13/2026-08-27?sort=price_a,2026-04-26 10:27:01
1472.00,105.14,2026-08-13,2026-08-27,14,Thursday,August,KIX,Osaka (Kansai),False,ANA,2,"ANA, IAD",1h 40m,9:30 am,9:50 pm+1,ANA,1,HND,4h 35m,4:55 pm,11:25 pm,https://www.kayak.com/flights/BOS-KIX/2026-08-13/2026-08-27?sort=price_a,2026-04-26 10:27:20
1468.00,104.86,2026-08-13,2026-08-27,14,Thursday,August,NGO,Nagoya (Chubu Centrair),False,ANA,2,"ANA, ORD",1h 42m,8:10 am,6:35 pm+1,ANA,2,"NRT, SFO",2h 15m,2:00 pm,11:25 pm,https://www.kayak.com/flights/BOS-NGO/2026-08-13/2026-08-27?sort=price_a,2026-04-26 10:27:24
1321.00,94.36,2026-08-14,2026-08-28,14,Friday,August,NRT,Tokyo (Narita),False,WestJet,1,YYC,16h 55m,6:30 pm,4:20 pm+2,WestJet,1,,32h 50m,6:30 pm,5:40 pm+1,https://www.kayak.com/flights/BOS-NRT/2026-08-14/2026-08-28?sort=price_a,2026-04-26 10:27:24
1413.00,100.93,2026-08-12,2026-08-26,14,Wednesday,August,NGO,Nagoya (Chubu Centrair),False,ANA,2,"ANA, ORD",1h 42m,8:10 am,6:35 pm+1,ANA,2,"NRT, SFO",2h 15m,2:00 pm,11:25 pm,https://www.kayak.com/flights/BOS-NGO/2026-08-12/2026-08-26?sort=price_a,2026-04-26 10:27:24
1448.00,103.43,2026-08-14,2026-08-28,14,Friday,August,HND,Tokyo (Haneda),False,United Airlines,2,"IAH, SFO",19h 39m,3:47 pm,4:25 am+3,United Airlines,2,"SEA, ORD",8h 46m,9:15 pm,9:23 am+1,https://www.kayak.com/flights/BOS-HND/2026-08-14/2026-08-28?sort=price_a,2026-04-26 10:27:43
1472.00,105.14,2026-08-14,2026-08-28,14,Friday,August,KIX,Osaka (Kansai),False,ANA,2,"ANA, ORD",1h 42m,8:10 am,7:50 pm+1,ANA,1,NRT,3h 15m,4:55 pm,11:25 pm,https://www.kayak.com/flights/BOS-KIX/2026-08-14/2026-08-28?sort=price_a,2026-04-26 10:27:46
1485.00,106.07,2026-08-14,2026-08-28,14,Friday,August,NGO,Nagoya (Chubu Centrair),False,United Airlines,2,"IAH, HND",0h 56m,7:25 am,8:40 pm+1,United Airlines,2,IAD,4h 15m,7:20 am,7:16 pm,https://www.kayak.com/flights/BOS-NGO/2026-08-14/2026-08-28?sort=price_a,2026-04-26 10:27:47
1352.00,96.57,2026-08-15,2026-08-29,14,Saturday,August,NRT,Tokyo (Narita),False,WestJet,1,YYC,16h 55m,6:30 pm,4:20 pm+2,WestJet,1,,32h 50m,6:30 pm,10:20 pm,https://www.kayak.com/flights/BOS-NRT/2026-08-15/2026-08-29?sort=price_a,2026-04-26 10:27:48
1479.00,105.64,2026-08-15,2026-08-29,14,Saturday,August,HND,Tokyo (Haneda),False,United Airlines,2,"ORD, SFO",0h 51m,6:42 pm,4:25 am+2,United Airlines,1,EWR,1h 20m,5:45 pm,9:58 pm,https://www.kayak.com/flights/BOS-HND/2026-08-15/2026-08-29?sort=price_a,2026-04-26 10:28:06
1483.00,105.93,2026-08-15,2026-08-29,14,Saturday,August,KIX,Osaka (Kansai),False,United Airlines,2,"DEN, SFO",6h 15m,8:10 pm,2:50 pm+2,United Airlines,1,,4h 29m,4:55 pm,11:25 pm,https://www.kayak.com/flights/BOS-KIX/2026-08-15/2026-08-29?sort=price_a,2026-04-26 10:28:10
1485.00,106.07,2026-08-15,2026-08-29,14,Saturday,August,NGO,Nagoya (Chubu Centrair),False,United Airlines,2,"SFO, HND",3h 58m,6:11 pm,6:35 pm+2,United Airlines,2,"NRT, IAH",13h 00m,2:00 pm,11:34 pm+1,https://www.kayak.com/flights/BOS-NGO/2026-08-15/2026-08-29?sort=price_a,2026-04-26 10:28:11
1137.00,81.21,2026-08-16,2026-08-30,14,Sunday,August,NRT,Tokyo (Narita),False,Multiple airlines,2,"ATL, IAH",3h 09m,9:14 am,2:25 pm+2,WestJet,1,YYC,18h 23m,6:30 pm,10:20 pm,https://www.kayak.com/flights/BOS-NRT/2026-08-16/2026-08-30?sort=price_a,2026-04-26 10:28:29
1467.00,104.79,2026-08-16,2026-08-30,14,Sunday,August,HND,Tokyo (Haneda),False,ANA,1,ANA,2h 07m,8:10 am,3:25 pm+1,ANA,1,ORD,18h 15m,5:15 pm,9:55 pm,https://www.kayak.com/flights/BOS-HND/2026-08-16/2026-08-30?sort=price_a,2026-04-26 10:28:34
1478.00,105.57,2026-08-16,2026-08-30,14,Sunday,August,KIX,Osaka (Kansai),False,United Airlines,1,SFO,1h 40m,6:00 am,2:50 pm+1,United Airlines,1,,19h 50m,4:55 pm,11:25 pm,https://www.kayak.com/flights/BOS-KIX/2026-08-16/2026-08-30?sort=price_a,2026-04-26 10:28:40
1485.00,106.07,2026-08-16,2026-08-30,14,Sunday,August,NGO,Nagoya (Chubu Centrair),False,United Airlines,2,"IAD, HND",1h 40m,9:30 am,8:40 pm+1,United Airlines,2,"NRT, SFO",3h 45m,2:00 pm,8:01 am+1,https://www.kayak.com/flights/BOS-NGO/2026-08-16/2026-08-30?sort=price_a,2026-04-26 10:28:52
1141.00,81.50,2026-08-17,2026-08-31,14,Monday,August,NRT,Tokyo (Narita),False,WestJet,1,YYC,4h 00m,7:25 am,4:20 pm+1,Multiple airlines,2,"IAH, ATL",19h 55m,10:30 am,1:27 am+1,https://www.kayak.com/flights/BOS-NRT/2026-08-17/2026-08-31?sort=price_a,2026-04-26 10:28:57
1415.00,101.07,2026-08-17,2026-08-31,14,Monday,August,HND,Tokyo (Haneda),False,ANA,1,ANA,0h 40m,3:13 pm,9:15 pm+1,ANA,2,"ORD, ITM",17h 02m,7:15 pm,11:25 pm+1,https://www.kayak.com/flights/BOS-HND/2026-08-17/2026-08-31?sort=price_a,2026-04-26 10:28:57
1442.00,103.00,2026-08-17,2026-08-31,14,Monday,August,KIX,Osaka (Kansai),False,United Airlines,1,SFO,1h 40m,6:00 am,2:50 pm+1,United Airlines,2,"HND, LAX",19h 50m,9:20 am,12:55 am+2,https://www.kayak.com/flights/BOS-KIX/2026-08-17/2026-08-31?sort=price_a,2026-04-26 10:29:04
1430.00,102.14,2026-08-17,2026-08-31,14,Monday,August,NGO,Nagoya (Chubu Centrair),False,United Airlines,2,"ORD, NRT",1h 42m,8:10 am,6:35 pm+1,United Airlines,2,HND,2h 15m,2:00 pm,2:07 pm+1,https://www.kayak.com/flights/BOS-NGO/2026-08-17/2026-08-31?sort=price_a,2026-04-26 10:29:19
1412.00,100.86,2026-08-18,2026-09-01,14,Tuesday,August,NGO,Nagoya (Chubu Centrair),False,ANA,2,"ANA, IAD",1h 40m,9:30 am,8:40 pm+1,ANA,2,HND,3h 45m,7:20 am,2:45 pm,https://www.kayak.com/flights/BOS-NGO/2026-08-18/2026-09-01?sort=price_a,2026-04-26 10:31:26
1221.00,87.21,2026-08-19,2026-09-02,14,Wednesday,August,HND,Tokyo (Haneda),False,China Eastern,2,"LAX, PVG",2h 24m,6:30 am,12:30 pm+2,China Eastern,2,"SHA, SFO",15h 05m,8:00 pm,9:11 pm+1,https://www.kayak.com/flights/BOS-HND/2026-08-19/2026-09-02?sort=price_a,2026-04-26 10:31:41
1391.00,99.36,2026-08-19,2026-09-02,14,Wednesday,August,KIX,Osaka (Kansai),False,Hainan Airlines,2,"BRU, PEK",1h 30m,6:40 pm,12:45 pm+2,Cathay Pacific,1,HKG,6h 35m,9:05 am,11:05 pm,https://www.kayak.com/flights/BOS-KIX/2026-08-19/2026-09-02?sort=price_a,2026-04-26 10:31:42
1248.00,89.14,2026-08-19,2026-09-02,14,Wednesday,August,NGO,Nagoya (Chubu Centrair),False,China Eastern,2,"LAX, PVG",2h 24m,6:30 am,12:35 pm+2,China Eastern,2,SFO,15h 55m,5:00 pm,9:11 pm+1,https://www.kayak.com/flights/BOS-NGO/2026-08-19/2026-09-02?sort=price_a,2026-04-26 10:31:49
1096.00,78.29,2026-08-19,2026-09-02,14,Wednesday,August,NRT,Tokyo (Narita),False,"Alaska Airlines, ZIPAIR",2,"SAN, SFO",1h 15m,8:30 am,8:00 pm+1,WestJet,1,YYC,2h 30m,6:30 pm,10:20 pm,https://www.kayak.com/flights/BOS-NRT/2026-08-19/2026-09-02?sort=price_a,2026-04-26 10:31:58
1030.00,73.57,2026-08-20,2026-09-03,14,Thursday,August,NRT,Tokyo (Narita),False,"Alaska Airlines, ZIPAIR",2,"SAN, SFO",2h 06m,7:40 am,8:00 pm+1,WestJet,1,YYC,2h 30m,6:30 pm,5:40 pm+1,https://www.kayak.com/flights/BOS-NRT/2026-08-20/2026-09-03?sort=price_a,2026-04-26 10:32:03
1175.00,83.93,2026-08-20,2026-09-03,14,Thursday,August,HND,Tokyo (Haneda),False,China Eastern,2,"LAX, PVG",2h 24m,6:30 am,12:30 pm+2,China Eastern,2,"SHA, SFO",15h 05m,8:40 am,9:11 pm,https://www.kayak.com/flights/BOS-HND/2026-08-20/2026-09-03?sort=price_a,2026-04-26 10:32:06
1251.00,89.36,2026-08-20,2026-09-03,14,Thursday,August,KIX,Osaka (Kansai),False,China Eastern,2,"LAX, PVG",2h 24m,6:30 am,12:10 pm+2,China Eastern,2,SFO,15h 40m,9:30 am,9:11 pm,https://www.kayak.com/flights/BOS-KIX/2026-08-20/2026-09-03?sort=price_a,2026-04-26 10:32:11
1468.00,104.86,2026-08-20,2026-09-03,14,Thursday,August,NGO,Nagoya (Chubu Centrair),False,ANA,2,"ANA, ORD",1h 42m,8:10 am,6:35 pm+1,ANA,2,"NRT, HND",2h 15m,7:20 am,11:20 pm,https://www.kayak.com/flights/BOS-NGO/2026-08-20/2026-09-03?sort=price_a,2026-04-26 10:32:22
1280.00,91.43,2026-08-21,2026-09-04,14,Friday,August,NRT,Tokyo (Narita),False,WestJet,1,YYC,16h 55m,6:30 pm,4:20 pm+2,WestJet,1,,32h 50m,6:30 pm,5:40 pm+1,https://www.kayak.com/flights/BOS-NRT/2026-08-21/2026-09-04?sort=price_a,2026-04-26 10:32:27
1447.00,103.36,2026-08-21,2026-09-04,14,Friday,August,HND,Tokyo (Haneda),False,United Airlines,2,"DEN, SFO",8h 55m,8:10 pm,4:25 am+3,United Airlines,2,,16h 19m,10:55 pm,1:47 pm+1,https://www.kayak.com/flights/BOS-HND/2026-08-21/2026-09-04?sort=price_a,2026-04-26 10:32:29
1391.00,99.36,2026-08-21,2026-09-04,14,Friday,August,KIX,Osaka (Kansai),False,Hainan Airlines,2,"BRU, PEK",1h 30m,6:40 pm,12:45 pm+2,Cathay Pacific,1,HKG,6h 35m,2:25 pm,11:05 pm,https://www.kayak.com/flights/BOS-KIX/2026-08-21/2026-09-04?sort=price_a,2026-04-26 10:32:34
1467.00,104.79,2026-08-21,2026-09-04,14,Friday,August,NGO,Nagoya (Chubu Centrair),False,ANA,2,"ANA, ORD",1h 42m,8:10 am,6:35 pm+1,ANA,2,"NRT, HND",2h 15m,7:20 am,9:55 pm,https://www.kayak.com/flights/BOS-NGO/2026-08-21/2026-09-04?sort=price_a,2026-04-26 10:32:46
1281.00,91.50,2026-08-22,2026-09-05,14,Saturday,August,NRT,Tokyo (Narita),False,WestJet,1,YYC,16h 55m,6:30 pm,4:20 pm+2,WestJet,1,,32h 50m,6:30 pm,10:20 pm,https://www.kayak.com/flights/BOS-NRT/2026-08-22/2026-09-05?sort=price_a,2026-04-26 10:32:50
1474.00,105.29,2026-08-22,2026-09-05,14,Saturday,August,HND,Tokyo (Haneda),False,United Airlines,1,SFO,10h 42m,11:35 am,4:25 am+2,United Airlines,1,IAD,27h 50m,3:45 pm,7:16 pm,https://www.kayak.com/flights/BOS-HND/2026-08-22/2026-09-05?sort=price_a,2026-04-26 10:32:52
1483.00,105.93,2026-08-22,2026-09-05,14,Saturday,August,KIX,Osaka (Kansai),False,United Airlines,2,"EWR, SFO",8h 01m,8:28 pm,2:50 pm+2,United Airlines,2,DEN,1h 56m,4:55 pm,11:42 pm,https://www.kayak.com/flights/BOS-KIX/2026-08-22/2026-09-05?sort=price_a,2026-04-26 10:32:58
1476.00,105.43,2026-08-22,2026-09-05,14,Saturday,August,NGO,Nagoya (Chubu Centrair),False,ANA,2,"ANA, ORD",19h 10m,3:13 pm,8:40 pm+2,ANA,2,"HND, IAD",4h 15m,7:20 am,7:16 pm,https://www.kayak.com/flights/BOS-NGO/2026-08-22/2026-09-05?sort=price_a,2026-04-26 10:33:10
1081.00,77.21,2026-08-23,2026-09-06,14,Sunday,August,NRT,Tokyo (Narita),False,"Frontier, ZIPAIR",2,"ATL, IAH",17h 48m,9:12 am,2:25 pm+2,WestJet,1,YYC,3h 26m,6:30 pm,10:20 pm,https://www.kayak.com/flights/BOS-NRT/2026-08-23/2026-09-06?sort=price_a,2026-04-26 10:33:14
1444.00,103.14,2026-08-23,2026-09-06,14,Sunday,August,HND,Tokyo (Haneda),False,Qatar Airways,1,DOH,14h 15m,10:00 pm,11:55 pm+2,Qatar Airways,1,,36h 55m,10:50 pm,3:15 pm+1,https://www.kayak.com/flights/BOS-HND/2026-08-23/2026-09-06?sort=price_a,2026-04-26 10:33:16
1478.00,105.57,2026-08-23,2026-09-06,14,Sunday,August,KIX,Osaka (Kansai),False,United Airlines,1,SFO,1h 40m,6:00 am,2:50 pm+1,United Airlines,1,,19h 50m,4:55 pm,11:25 pm,https://www.kayak.com/flights/BOS-KIX/2026-08-23/2026-09-06?sort=price_a,2026-04-26 10:33:22
1467.00,104.79,2026-08-23,2026-09-06,14,Sunday,August,NGO,Nagoya (Chubu Centrair),False,ANA,2,"ANA, ORD",1h 42m,8:10 am,6:35 pm+1,ANA,2,"NRT, HND",2h 15m,7:20 am,7:16 pm,https://www.kayak.com/flights/BOS-NGO/2026-08-23/2026-09-06?sort=price_a,2026-04-26 10:33:34
1096.00,78.29,2026-08-24,2026-09-07,14,Monday,August,NRT,Tokyo (Narita),False,WestJet,1,YYC,4h 00m,7:25 am,4:20 pm+1,WestJet,1,,19h 55m,6:30 pm,5:40 pm+1,https://www.kayak.com/flights/BOS-NRT/2026-08-24/2026-09-07?sort=price_a,2026-04-26 10:33:36
1064.00,76.00,2026-08-26,2026-09-09,14,Wednesday,August,NRT,Tokyo (Narita),False,WestJet,1,YYC,16h 55m,6:30 pm,4:20 pm+2,WestJet,1,,32h 50m,6:30 pm,5:40 pm+1,https://www.kayak.com/flights/BOS-NRT/2026-08-26/2026-09-09?sort=price_a,2026-04-26 10:36:42
1412.00,100.86,2026-08-25,2026-09-08,14,Tuesday,August,NGO,Nagoya (Chubu Centrair),False,ANA,2,"ANA, IAD",1h 05m,9:30 am,8:40 pm+1,ANA,2,HND,4h 20m,7:20 am,2:45 pm,https://www.kayak.com/flights/BOS-NGO/2026-08-25/2026-09-08?sort=price_a,2026-04-26 10:36:47
1400.00,100.00,2026-08-25,2026-09-08,14,Tuesday,August,KIX,Osaka (Kansai),False,Cathay Pacific,1,HKG,3h 10m,1:45 am,12:55 pm+1,"Cathay Pacific, Alaska Airlines",2,SEA,22h 10m,9:05 am,11:57 pm,https://www.kayak.com/flights/BOS-KIX/2026-08-25/2026-09-08?sort=price_a,2026-04-26 10:37:07
1309.00,93.50,2026-08-26,2026-09-09,14,Wednesday,August,HND,Tokyo (Haneda),False,Cathay Pacific,1,HKG,3h 40m,1:45 am,1:55 pm+1,Cathay Pacific,1,,23h 10m,10:05 am,11:05 pm,https://www.kayak.com/flights/BOS-HND/2026-08-26/2026-09-09?sort=price_a,2026-04-26 10:37:10
1412.00,100.86,2026-08-25,2026-09-08,14,Tuesday,August,HND,Tokyo (Haneda),False,ANA,1,ANA,1h 05m,9:30 am,3:20 pm+1,ANA,1,IAD,16h 50m,3:45 pm,7:16 pm,https://www.kayak.com/flights/BOS-HND/2026-08-25/2026-09-08?sort=price_a,2026-04-26 10:37:17
1251.00,89.36,2026-08-26,2026-09-09,14,Wednesday,August,KIX,Osaka (Kansai),False,China Eastern,2,"LAX, PVG",2h 24m,6:30 am,12:10 pm+2,China Eastern,2,SFO,15h 40m,7:00 pm,9:11 pm+1,https://www.kayak.com/flights/BOS-KIX/2026-08-26/2026-09-09?sort=price_a,2026-04-26 10:37:31
1248.00,89.14,2026-08-26,2026-09-09,14,Wednesday,August,NGO,Nagoya (Chubu Centrair),False,China Eastern,2,"LAX, PVG",2h 24m,6:30 am,12:35 pm+2,China Eastern,2,SFO,15h 55m,5:00 pm,9:11 pm+1,https://www.kayak.com/flights/BOS-NGO/2026-08-26/2026-09-09?sort=price_a,2026-04-26 10:37:35
1028.00,73.43,2026-08-27,2026-09-10,14,Thursday,August,NRT,Tokyo (Narita),False,WestJet,1,YYC,4h 00m,7:25 am,4:20 pm+1,WestJet,1,,19h 55m,6:30 pm,5:40 pm+1,https://www.kayak.com/flights/BOS-NRT/2026-08-27/2026-09-10?sort=price_a,2026-04-26 10:37:54
1209.00,86.36,2026-08-27,2026-09-10,14,Thursday,August,HND,Tokyo (Haneda),False,Cathay Pacific,1,HKG,3h 40m,1:45 am,1:55 pm+1,Cathay Pacific,1,,23h 10m,4:20 pm,11:05 pm+1,https://www.kayak.com/flights/BOS-HND/2026-08-27/2026-09-10?sort=price_a,2026-04-26 10:37:55
1212.00,86.57,2026-08-27,2026-09-10,14,Thursday,August,KIX,Osaka (Kansai),False,Cathay Pacific,1,HKG,3h 10m,1:45 am,12:55 pm+1,Cathay Pacific,1,,22h 10m,5:35 pm,11:05 pm+1,https://www.kayak.com/flights/BOS-KIX/2026-08-27/2026-09-10?sort=price_a,2026-04-26 10:37:57
1209.00,86.36,2026-08-27,2026-09-10,14,Thursday,August,NGO,Nagoya (Chubu Centrair),False,Cathay Pacific,1,HKG,11h 15m,1:45 am,9:15 pm+1,Cathay Pacific,1,,30h 30m,4:10 pm,11:05 pm+1,https://www.kayak.com/flights/BOS-NGO/2026-08-27/2026-09-10?sort=price_a,2026-04-26 10:38:01
1175.00,83.93,2026-08-28,2026-09-11,14,Friday,August,NRT,Tokyo (Narita),False,China Eastern,2,"LAX, PVG",2h 24m,6:30 am,12:00 pm+2,China Eastern,2,SFO,14h 40m,10:55 am,9:11 pm+1,https://www.kayak.com/flights/BOS-NRT/2026-08-28/2026-09-11?sort=price_a,2026-04-26 10:38:17
1175.00,83.93,2026-08-28,2026-09-11,14,Friday,August,HND,Tokyo (Haneda),False,China Eastern,2,"LAX, PVG",2h 24m,6:30 am,12:30 pm+2,China Eastern,2,"SHA, SFO",15h 05m,8:00 pm,9:11 pm+1,https://www.kayak.com/flights/BOS-HND/2026-08-28/2026-09-11?sort=price_a,2026-04-26 10:38:20
1251.00,89.36,2026-08-28,2026-09-11,14,Friday,August,KIX,Osaka (Kansai),False,China Eastern,2,"LAX, PVG",2h 24m,6:30 am,12:10 pm+2,China Eastern,2,SFO,15h 40m,2:20 pm,9:11 pm+1,https://www.kayak.com/flights/BOS-KIX/2026-08-28/2026-09-11?sort=price_a,2026-04-26 10:38:25
1175.00,83.93,2026-08-28,2026-09-11,14,Friday,August,NGO,Nagoya (Chubu Centrair),False,China Eastern,2,"LAX, PVG",2h 24m,6:30 am,12:35 pm+2,China Eastern,2,SFO,15h 55m,5:00 pm,9:11 pm+1,https://www.kayak.com/flights/BOS-NGO/2026-08-28/2026-09-11?sort=price_a,2026-04-26 10:38:40
1224.00,87.43,2026-08-29,2026-09-12,14,Saturday,August,NRT,Tokyo (Narita),False,WestJet,1,YYC,16h 55m,6:30 pm,4:20 pm+2,WestJet,1,,32h 50m,6:30 pm,5:40 pm+1,https://www.kayak.com/flights/BOS-NRT/2026-08-29/2026-09-12?sort=price_a,2026-04-26 10:38:44
1175.00,83.93,2026-08-29,2026-09-12,14,Saturday,August,HND,Tokyo (Haneda),False,China Eastern,2,"LAX, PVG",2h 24m,6:30 am,12:30 pm+2,China Eastern,2,"SHA, SFO",15h 05m,8:40 am,9:11 pm,https://www.kayak.com/flights/BOS-HND/2026-08-29/2026-09-12?sort=price_a,2026-04-26 10:38:48
1211.00,86.50,2026-08-29,2026-09-12,14,Saturday,August,KIX,Osaka (Kansai),False,China Eastern,2,"LAX, PVG",2h 24m,6:30 am,12:10 pm+2,China Eastern,2,,15h 40m,2:20 pm,11:58 pm+1,https://www.kayak.com/flights/BOS-KIX/2026-08-29/2026-09-12?sort=price_a,2026-04-26 10:38:52
1283.00,91.64,2026-08-29,2026-09-12,14,Saturday,August,NGO,Nagoya (Chubu Centrair),False,China Eastern,2,"LAX, PVG",2h 24m,6:30 am,12:35 pm+2,China Eastern,2,,15h 55m,5:00 pm,11:58 pm+1,https://www.kayak.com/flights/BOS-NGO/2026-08-29/2026-09-12?sort=price_a,2026-04-26 10:39:04
1126.00,80.43,2026-08-30,2026-09-13,14,Sunday,August,NRT,Tokyo (Narita),False,"WestJet, ZIPAIR",2,"YYC, YVR",2h 10m,7:25 am,12:40 pm+2,WestJet,1,,21h 10m,6:30 pm,5:40 pm+1,https://www.kayak.com/flights/BOS-NRT/2026-08-30/2026-09-13?sort=price_a,2026-04-26 10:39:08
1175.00,83.93,2026-08-30,2026-09-13,14,Sunday,August,HND,Tokyo (Haneda),False,China Eastern,2,"LAX, PVG",2h 24m,6:30 am,12:30 pm+2,China Eastern,2,"SHA, SFO",15h 05m,5:10 pm,9:11 pm+1,https://www.kayak.com/flights/BOS-HND/2026-08-30/2026-09-13?sort=price_a,2026-04-26 10:39:11
1251.00,89.36,2026-08-30,2026-09-13,14,Sunday,August,KIX,Osaka (Kansai),False,China Eastern,2,"LAX, PVG",2h 24m,6:30 am,1:20 pm+2,China Eastern,2,SFO,16h 45m,7:00 pm,9:11 pm+1,https://www.kayak.com/flights/BOS-KIX/2026-08-30/2026-09-13?sort=price_a,2026-04-26 10:39:14
1325.00,94.64,2026-08-31,2026-09-14,14,Monday,August,NGO,Nagoya (Chubu Centrair),False,Cathay Pacific,2,"HKG, TPE",3h 35m,1:45 am,3:30 pm+1,Cathay Pacific,1,,1h 05m,4:10 pm,11:05 pm+1,https://www.kayak.com/flights/BOS-NGO/2026-08-31/2026-09-14?sort=price_a,2026-04-26 10:42:02
1048.00,74.86,2026-09-01,2026-09-15,14,Tuesday,September,NRT,Tokyo (Narita),False,WestJet,1,YYC,4h 00m,7:25 am,4:20 pm+1,WestJet,1,,19h 55m,6:30 pm,5:40 pm+1,https://www.kayak.com/flights/BOS-NRT/2026-09-01/2026-09-15?sort=price_a,2026-04-26 10:42:07
1237.00,88.36,2026-09-01,2026-09-15,14,Tuesday,September,KIX,Osaka (Kansai),False,Cathay Pacific,1,HKG,5h 25m,1:45 am,3:10 pm+1,Cathay Pacific,1,,24h 25m,1:40 pm,11:05 pm,https://www.kayak.com/flights/BOS-KIX/2026-09-01/2026-09-15?sort=price_a,2026-04-26 10:42:09
1208.00,86.29,2026-09-01,2026-09-15,14,Tuesday,September,HND,Tokyo (Haneda),False,China Eastern,2,"LAX, PVG",2h 24m,6:30 am,12:30 pm+2,China Eastern,2,SHA,15h 05m,8:00 pm,11:58 pm+1,https://www.kayak.com/flights/BOS-HND/2026-09-01/2026-09-15?sort=price_a,2026-04-26 10:42:09
1176.00,84.00,2026-09-01,2026-09-15,14,Tuesday,September,NGO,Nagoya (Chubu Centrair),False,Cathay Pacific,1,HKG,11h 15m,1:45 am,9:15 pm+1,Cathay Pacific,1,,30h 30m,10:00 am,11:05 pm,https://www.kayak.com/flights/BOS-NGO/2026-09-01/2026-09-15?sort=price_a,2026-04-26 10:42:25
1048.00,74.86,2026-09-02,2026-09-16,14,Wednesday,September,NRT,Tokyo (Narita),False,WestJet,1,YYC,16h 55m,6:30 pm,4:20 pm+2,WestJet,1,,32h 50m,6:30 pm,5:40 pm+1,https://www.kayak.com/flights/BOS-NRT/2026-09-02/2026-09-16?sort=price_a,2026-04-26 10:42:31
1309.00,93.50,2026-09-02,2026-09-16,14,Wednesday,September,HND,Tokyo (Haneda),False,Cathay Pacific,1,HKG,3h 40m,1:45 am,1:55 pm+1,Cathay Pacific,1,,23h 10m,9:55 am,11:05 pm,https://www.kayak.com/flights/BOS-HND/2026-09-02/2026-09-16?sort=price_a,2026-04-26 10:42:31
1152.00,82.29,2026-09-02,2026-09-16,14,Wednesday,September,KIX,Osaka (Kansai),False,Hainan Airlines,2,"BRU, PEK",1h 30m,6:40 pm,12:45 pm+2,Multiple airlines,3,"NRT, YVR",6h 35m,7:45 am,5:40 pm+1,https://www.kayak.com/flights/BOS-KIX/2026-09-02/2026-09-16?sort=price_a,2026-04-26 10:42:33
1210.00,86.43,2026-09-02,2026-09-16,14,Wednesday,September,NGO,Nagoya (Chubu Centrair),False,Cathay Pacific,1,HKG,11h 15m,1:45 am,9:15 pm+1,Cathay Pacific,1,,30h 30m,4:10 pm,11:05 pm+1,https://www.kayak.com/flights/BOS-NGO/2026-09-02/2026-09-16?sort=price_a,2026-04-26 10:42:49
1209.00,86.36,2026-09-03,2026-09-17,14,Thursday,September,NRT,Tokyo (Narita),False,WestJet,1,YYC,4h 00m,7:25 am,4:20 pm+1,WestJet,1,,19h 55m,6:30 pm,5:40 pm+1,https://www.kayak.com/flights/BOS-NRT/2026-09-03/2026-09-17?sort=price_a,2026-04-26 10:42:53
1368.00,97.71,2026-09-03,2026-09-17,14,Thursday,September,HND,Tokyo (Haneda),False,Cathay Pacific,1,HKG,3h 40m,1:45 am,1:55 pm+1,Cathay Pacific,1,,23h 10m,10:05 am,11:05 pm,https://www.kayak.com/flights/BOS-HND/2026-09-03/2026-09-17?sort=price_a,2026-04-26 10:42:54
1227.00,87.64,2026-09-03,2026-09-17,14,Thursday,September,KIX,Osaka (Kansai),False,Cathay Pacific,1,HKG,11h 30m,1:45 am,9:15 pm+1,Cathay Pacific,2,TPE,30h 30m,4:15 pm,11:05 pm+1,https://www.kayak.com/flights/BOS-KIX/2026-09-03/2026-09-17?sort=price_a,2026-04-26 10:42:57
1306.00,93.29,2026-09-03,2026-09-17,14,Thursday,September,NGO,Nagoya (Chubu Centrair),False,Cathay Pacific,1,HKG,5h 10m,1:45 am,3:05 pm+1,Cathay Pacific,1,,24h 20m,4:10 pm,11:05 pm+1,https://www.kayak.com/flights/BOS-NGO/2026-09-03/2026-09-17?sort=price_a,2026-04-26 10:43:12
1334.00,95.29,2026-09-04,2026-09-18,14,Friday,September,NRT,Tokyo (Narita),False,Cathay Pacific,1,HKG,4h 05m,1:45 am,2:30 pm+1,Cathay Pacific,1,,23h 45m,9:25 am,11:05 pm,https://www.kayak.com/flights/BOS-NRT/2026-09-04/2026-09-18?sort=price_a,2026-04-26 10:43:16
1334.00,95.29,2026-09-04,2026-09-18,14,Friday,September,HND,Tokyo (Haneda),False,Cathay Pacific,1,HKG,3h 40m,1:45 am,1:55 pm+1,Cathay Pacific,1,,23h 10m,10:05 am,11:05 pm,https://www.kayak.com/flights/BOS-HND/2026-09-04/2026-09-18?sort=price_a,2026-04-26 10:43:18
1211.00,86.50,2026-09-04,2026-09-18,14,Friday,September,KIX,Osaka (Kansai),False,China Eastern,2,"LAX, PVG",2h 24m,6:30 am,12:10 pm+2,China Eastern,2,,15h 40m,9:30 am,11:58 pm,https://www.kayak.com/flights/BOS-KIX/2026-09-04/2026-09-18?sort=price_a,2026-04-26 10:43:22
1350.00,96.43,2026-09-04,2026-09-18,14,Friday,September,NGO,Nagoya (Chubu Centrair),False,Cathay Pacific,2,"HKG, TPE",3h 35m,1:45 am,3:30 pm+1,Cathay Pacific,1,,1h 05m,10:00 am,11:05 pm,https://www.kayak.com/flights/BOS-NGO/2026-09-04/2026-09-18?sort=price_a,2026-04-26 10:43:36
1334.00,95.29,2026-09-05,2026-09-19,14,Saturday,September,NRT,Tokyo (Narita),False,Cathay Pacific,1,HKG,5h 40m,1:45 am,4:05 pm+1,Cathay Pacific,1,,25h 20m,10:00 pm,11:05 pm+1,https://www.kayak.com/flights/BOS-NRT/2026-09-05/2026-09-19?sort=price_a,2026-04-26 10:43:41
1334.00,95.29,2026-09-05,2026-09-19,14,Saturday,September,HND,Tokyo (Haneda),False,Cathay Pacific,1,HKG,11h 20m,1:45 am,9:35 pm+1,Cathay Pacific,1,,30h 50m,4:20 pm,11:05 pm+1,https://www.kayak.com/flights/BOS-HND/2026-09-05/2026-09-19?sort=price_a,2026-04-26 10:43:45
1337.00,95.50,2026-09-05,2026-09-19,14,Saturday,September,KIX,Osaka (Kansai),False,Cathay Pacific,1,HKG,5h 25m,1:45 am,3:10 pm+1,Cathay Pacific,1,,24h 25m,6:30 pm,11:05 pm+1,https://www.kayak.com/flights/BOS-KIX/2026-09-05/2026-09-19?sort=price_a,2026-04-26 10:44:03
1467.00,104.79,2026-09-05,2026-09-19,14,Saturday,September,NGO,Nagoya (Chubu Centrair),False,"JetBlue, China Airlines",2,"JFK, TPE",3h 24m,8:30 pm,11:20 am+2,"China Airlines, JetBlue",2,,2h 10m,12:20 pm,7:57 am+1,https://www.kayak.com/flights/BOS-NGO/2026-09-05/2026-09-19?sort=price_a,2026-04-26 10:44:14
1175.00,83.93,2026-09-06,2026-09-20,14,Sunday,September,NRT,Tokyo (Narita),False,China Eastern,2,"LAX, PVG",2h 24m,6:30 am,12:50 pm+2,China Eastern,2,SFO,15h 50m,4:55 pm,9:11 pm+1,https://www.kayak.com/flights/BOS-NRT/2026-09-06/2026-09-20?sort=price_a,2026-04-26 10:44:26
1306.00,93.29,2026-09-07,2026-09-21,14,Monday,September,HND,Tokyo (Haneda),False,"JetBlue, Cathay Pacific",2,"JFK, HKG",2h 38m,6:05 am,9:35 pm+1,Cathay Pacific,1,,2h 25m,10:05 am,11:05 pm,https://www.kayak.com/flights/BOS-HND/2026-09-07/2026-09-21?sort=price_a,2026-04-26 10:46:28
1057.00,75.50,2026-09-07,2026-09-21,14,Monday,September,NRT,Tokyo (Narita),False,"WestJet, ZIPAIR",2,"YYC, YVR",1h 40m,6:30 pm,12:40 pm+2,"ZIPAIR, Air Canada",2,YYZ,10h 30m,3:55 pm,9:55 am+1,https://www.kayak.com/flights/BOS-NRT/2026-09-07/2026-09-21?sort=price_a,2026-04-26 10:46:30
1194.00,85.29,2026-09-07,2026-09-21,14,Monday,September,KIX,Osaka (Kansai),False,Cathay Pacific,1,HKG,11h 30m,1:45 am,9:15 pm+1,Cathay Pacific,2,TPE,30h 30m,4:15 pm,11:05 pm+1,https://www.kayak.com/flights/BOS-KIX/2026-09-07/2026-09-21?sort=price_a,2026-04-26 10:46:33
1234.00,88.14,2026-09-07,2026-09-21,14,Monday,September,NGO,Nagoya (Chubu Centrair),False,Cathay Pacific,1,HKG,11h 15m,1:45 am,9:15 pm+1,Cathay Pacific,1,,30h 30m,4:10 pm,11:05 pm+1,https://www.kayak.com/flights/BOS-NGO/2026-09-07/2026-09-21?sort=price_a,2026-04-26 10:46:38
1010.00,72.14,2026-09-08,2026-09-22,14,Tuesday,September,NRT,Tokyo (Narita),False,WestJet,1,YYC,16h 55m,6:30 pm,4:20 pm+2,"ZIPAIR, WestJet",2,"YVR, YXX",32h 50m,3:55 pm,5:40 pm+1,https://www.kayak.com/flights/BOS-NRT/2026-09-08/2026-09-22?sort=price_a,2026-04-26 10:46:51
1234.00,88.14,2026-09-08,2026-09-22,14,Tuesday,September,HND,Tokyo (Haneda),False,Cathay Pacific,1,HKG,3h 40m,1:45 am,1:55 pm+1,Cathay Pacific,1,,23h 10m,10:05 am,11:05 pm,https://www.kayak.com/flights/BOS-HND/2026-09-08/2026-09-22?sort=price_a,2026-04-26 10:46:54
1194.00,85.29,2026-09-08,2026-09-22,14,Tuesday,September,KIX,Osaka (Kansai),False,Cathay Pacific,1,HKG,3h 10m,1:45 am,12:55 pm+1,Cathay Pacific,2,TPE,22h 10m,4:15 pm,11:05 pm+1,https://www.kayak.com/flights/BOS-KIX/2026-09-08/2026-09-22?sort=price_a,2026-04-26 10:46:56
1176.00,84.00,2026-09-08,2026-09-22,14,Tuesday,September,NGO,Nagoya (Chubu Centrair),False,Cathay Pacific,1,HKG,11h 15m,1:45 am,9:15 pm+1,Cathay Pacific,1,,30h 30m,10:00 am,11:05 pm,https://www.kayak.com/flights/BOS-NGO/2026-09-08/2026-09-22?sort=price_a,2026-04-26 10:47:02
981.00,70.07,2026-09-09,2026-09-23,14,Wednesday,September,NRT,Tokyo (Narita),False,WestJet,1,YYC,16h 55m,6:30 pm,4:20 pm+2,WestJet,1,,32h 50m,6:30 pm,5:40 pm+1,https://www.kayak.com/flights/BOS-NRT/2026-09-09/2026-09-23?sort=price_a,2026-04-26 10:47:16
1309.00,93.50,2026-09-09,2026-09-23,14,Wednesday,September,HND,Tokyo (Haneda),False,Cathay Pacific,1,HKG,3h 40m,1:45 am,1:55 pm+1,Cathay Pacific,1,,23h 10m,10:05 am,11:05 pm,https://www.kayak.com/flights/BOS-HND/2026-09-09/2026-09-23?sort=price_a,2026-04-26 10:47:17
1080.00,77.14,2026-09-09,2026-09-23,14,Wednesday,September,KIX,Osaka (Kansai),False,Hainan Airlines,2,"BRU, PEK",1h 30m,6:40 pm,12:45 pm+2,Multiple airlines,3,"NRT, YVR",6h 35m,7:45 am,5:40 pm+1,https://www.kayak.com/flights/BOS-KIX/2026-09-09/2026-09-23?sort=price_a,2026-04-26 10:47:21
1234.00,88.14,2026-09-09,2026-09-23,14,Wednesday,September,NGO,Nagoya (Chubu Centrair),False,Cathay Pacific,1,HKG,11h 15m,1:45 am,9:15 pm+1,Cathay Pacific,1,,30h 30m,10:00 am,11:05 pm,https://www.kayak.com/flights/BOS-NGO/2026-09-09/2026-09-23?sort=price_a,2026-04-26 10:47:26
1017.00,72.64,2026-09-10,2026-09-24,14,Thursday,September,NRT,Tokyo (Narita),False,WestJet,1,YYC,16h 55m,6:30 pm,4:20 pm+2,WestJet,1,,32h 50m,6:30 pm,5:40 pm+1,https://www.kayak.com/flights/BOS-NRT/2026-09-10/2026-09-24?sort=price_a,2026-04-26 10:47:39
1181.00,84.36,2026-09-10,2026-09-24,14,Thursday,September,HND,Tokyo (Haneda),False,Cathay Pacific,1,HKG,3h 40m,1:45 am,1:55 pm+1,Cathay Pacific,1,,23h 10m,10:05 am,11:05 pm,https://www.kayak.com/flights/BOS-HND/2026-09-10/2026-09-24?sort=price_a,2026-04-26 10:47:41
1179.00,84.21,2026-09-10,2026-09-24,14,Thursday,September,KIX,Osaka (Kansai),False,Cathay Pacific,1,HKG,11h 30m,1:45 am,9:15 pm+1,Cathay Pacific,1,,30h 30m,9:45 am,11:05 pm,https://www.kayak.com/flights/BOS-KIX/2026-09-10/2026-09-24?sort=price_a,2026-04-26 10:47:45
1333.00,95.21,2026-09-10,2026-09-24,14,Thursday,September,NGO,Nagoya (Chubu Centrair),False,Cathay Pacific,1,HKG,5h 10m,1:45 am,3:05 pm+1,Cathay Pacific,1,,24h 20m,4:10 pm,11:05 pm+1,https://www.kayak.com/flights/BOS-NGO/2026-09-10/2026-09-24?sort=price_a,2026-04-26 10:47:50
1259.00,89.93,2026-09-11,2026-09-25,14,Friday,September,NRT,Tokyo (Narita),False,Cathay Pacific,1,HKG,3h 15m,1:45 am,1:40 pm+1,Cathay Pacific,1,,22h 55m,9:25 am,11:05 pm,https://www.kayak.com/flights/BOS-NRT/2026-09-11/2026-09-25?sort=price_a,2026-04-26 10:48:02
1259.00,89.93,2026-09-11,2026-09-25,14,Friday,September,HND,Tokyo (Haneda),False,Cathay Pacific,1,HKG,3h 40m,1:45 am,1:55 pm+1,Cathay Pacific,1,,23h 10m,10:05 am,11:05 pm,https://www.kayak.com/flights/BOS-HND/2026-09-11/2026-09-25?sort=price_a,2026-04-26 10:48:05
1262.00,90.14,2026-09-11,2026-09-25,14,Friday,September,KIX,Osaka (Kansai),False,Cathay Pacific,1,HKG,3h 10m,1:45 am,12:55 pm+1,Cathay Pacific,1,,22h 10m,9:45 am,11:05 pm,https://www.kayak.com/flights/BOS-KIX/2026-09-11/2026-09-25?sort=price_a,2026-04-26 10:48:07
1259.00,89.93,2026-09-11,2026-09-25,14,Friday,September,NGO,Nagoya (Chubu Centrair),False,Cathay Pacific,1,HKG,5h 10m,1:45 am,3:05 pm+1,Cathay Pacific,1,,24h 20m,10:00 am,11:05 pm,https://www.kayak.com/flights/BOS-NGO/2026-09-11/2026-09-25?sort=price_a,2026-04-26 10:48:14
1025.00,73.21,2026-09-12,2026-09-26,14,Saturday,September,NRT,Tokyo (Narita),False,WestJet,1,YYC,16h 55m,6:30 pm,4:20 pm+2,WestJet,1,,32h 50m,6:30 pm,5:40 pm+1,https://www.kayak.com/flights/BOS-NRT/2026-09-12/2026-09-26?sort=price_a,2026-04-26 10:48:25
1334.00,95.29,2026-09-12,2026-09-26,14,Saturday,September,HND,Tokyo (Haneda),False,Cathay Pacific,1,HKG,11h 20m,1:45 am,9:35 pm+1,Cathay Pacific,1,,30h 50m,10:05 am,11:05 pm,https://www.kayak.com/flights/BOS-HND/2026-09-12/2026-09-26?sort=price_a,2026-04-26 10:48:29
982.00,70.14,2026-09-14,2026-09-28,14,Monday,September,NRT,Tokyo (Narita),False,WestJet,1,YYC,16h 55m,6:30 pm,4:20 pm+2,WestJet,1,,32h 50m,6:30 pm,5:40 pm+1,https://www.kayak.com/flights/BOS-NRT/2026-09-14/2026-09-28?sort=price_a,2026-04-26 10:50:52
1181.00,84.36,2026-09-14,2026-09-28,14,Monday,September,HND,Tokyo (Haneda),False,Cathay Pacific,1,HKG,11h 20m,1:45 am,9:35 pm+1,Cathay Pacific,1,,30h 50m,10:05 am,11:05 pm,https://www.kayak.com/flights/BOS-HND/2026-09-14/2026-09-28?sort=price_a,2026-04-26 10:50:58
1212.00,86.57,2026-09-13,2026-09-27,14,Sunday,September,KIX,Osaka (Kansai),False,Cathay Pacific,1,HKG,3h 10m,1:45 am,12:55 pm+1,Cathay Pacific,1,,22h 10m,5:35 pm,11:05 pm+1,https://www.kayak.com/flights/BOS-KIX/2026-09-13/2026-09-27?sort=price_a,2026-04-26 10:51:15
1179.00,84.21,2026-09-14,2026-09-28,14,Monday,September,KIX,Osaka (Kansai),False,Cathay Pacific,1,HKG,5h 25m,1:45 am,3:10 pm+1,Cathay Pacific,1,,24h 25m,5:35 pm,11:05 pm+1,https://www.kayak.com/flights/BOS-KIX/2026-09-14/2026-09-28?sort=price_a,2026-04-26 10:51:16
1284.00,91.71,2026-09-14,2026-09-28,14,Monday,September,NGO,Nagoya (Chubu Centrair),False,Cathay Pacific,1,HKG,11h 15m,1:45 am,9:15 pm+1,Cathay Pacific,1,,30h 30m,4:10 pm,11:05 pm+1,https://www.kayak.com/flights/BOS-NGO/2026-09-14/2026-09-28?sort=price_a,2026-04-26 10:51:20
1259.00,89.93,2026-09-13,2026-09-27,14,Sunday,September,NGO,Nagoya (Chubu Centrair),False,Cathay Pacific,1,HKG,5h 10m,1:45 am,3:05 pm+1,Cathay Pacific,1,,24h 20m,10:00 am,11:05 pm,https://www.kayak.com/flights/BOS-NGO/2026-09-13/2026-09-27?sort=price_a,2026-04-26 10:51:26
985.00,70.36,2026-09-15,2026-09-29,14,Tuesday,September,NRT,Tokyo (Narita),False,WestJet,1,YYC,16h 55m,6:30 pm,4:20 pm+2,WestJet,1,,32h 50m,6:30 pm,5:40 pm+1,https://www.kayak.com/flights/BOS-NRT/2026-09-15/2026-09-29?sort=price_a,2026-04-26 10:51:38
1181.00,84.36,2026-09-15,2026-09-29,14,Tuesday,September,HND,Tokyo (Haneda),False,Cathay Pacific,1,HKG,3h 40m,1:45 am,1:55 pm+1,Cathay Pacific,1,,23h 10m,10:05 am,11:05 pm,https://www.kayak.com/flights/BOS-HND/2026-09-15/2026-09-29?sort=price_a,2026-04-26 10:51:50
1309.00,93.50,2026-09-15,2026-09-29,14,Tuesday,September,NGO,Nagoya (Chubu Centrair),False,Cathay Pacific,1,HKG,5h 10m,1:45 am,3:05 pm+1,Cathay Pacific,1,,24h 20m,10:00 am,11:05 pm,https://www.kayak.com/flights/BOS-NGO/2026-09-15/2026-09-29?sort=price_a,2026-04-26 10:52:01
1179.00,84.21,2026-09-15,2026-09-29,14,Tuesday,September,KIX,Osaka (Kansai),False,Cathay Pacific,1,HKG,3h 10m,1:45 am,12:55 pm+1,Cathay Pacific,1,,22h 10m,9:05 am,11:05 pm,https://www.kayak.com/flights/BOS-KIX/2026-09-15/2026-09-29?sort=price_a,2026-04-26 10:52:01
1089.00,77.79,2026-09-16,2026-09-30,14,Wednesday,September,NRT,Tokyo (Narita),False,WestJet,1,YYC,16h 55m,6:30 pm,4:20 pm+2,WestJet,1,,32h 50m,6:30 pm,5:40 pm+1,https://www.kayak.com/flights/BOS-NRT/2026-09-16/2026-09-30?sort=price_a,2026-04-26 10:52:06
1179.00,84.21,2026-09-16,2026-09-30,14,Wednesday,September,KIX,Osaka (Kansai),False,Cathay Pacific,1,HKG,5h 25m,1:45 am,3:10 pm+1,Cathay Pacific,1,,24h 25m,9:05 am,11:05 pm,https://www.kayak.com/flights/BOS-KIX/2026-09-16/2026-09-30?sort=price_a,2026-04-26 10:52:23
1181.00,84.36,2026-09-16,2026-09-30,14,Wednesday,September,HND,Tokyo (Haneda),False,Cathay Pacific,1,HKG,3h 40m,1:45 am,1:55 pm+1,Cathay Pacific,1,,23h 10m,10:05 am,11:05 pm,https://www.kayak.com/flights/BOS-HND/2026-09-16/2026-09-30?sort=price_a,2026-04-26 10:52:23
1234.00,88.14,2026-09-16,2026-09-30,14,Wednesday,September,NGO,Nagoya (Chubu Centrair),False,Cathay Pacific,1,HKG,11h 15m,1:45 am,9:15 pm+1,Cathay Pacific,1,,30h 30m,10:00 am,11:05 pm,https://www.kayak.com/flights/BOS-NGO/2026-09-16/2026-09-30?sort=price_a,2026-04-26 10:52:29
1169.00,83.50,2026-09-17,2026-10-01,14,Thursday,September,NRT,Tokyo (Narita),False,WestJet,1,YYC,16h 55m,6:30 pm,4:20 pm+2,WestJet,1,,32h 50m,6:30 pm,5:40 pm+1,https://www.kayak.com/flights/BOS-NRT/2026-09-17/2026-10-01?sort=price_a,2026-04-26 10:52:40
1331.00,95.07,2026-09-17,2026-10-01,14,Thursday,September,HND,Tokyo (Haneda),False,Cathay Pacific,1,HKG,11h 20m,1:45 am,9:35 pm+1,Cathay Pacific,1,,30h 50m,9:55 am,11:05 pm,https://www.kayak.com/flights/BOS-HND/2026-09-17/2026-10-01?sort=price_a,2026-04-26 10:52:47
1279.00,91.36,2026-09-17,2026-10-01,14,Thursday,September,KIX,Osaka (Kansai),False,Cathay Pacific,1,HKG,3h 10m,1:45 am,12:55 pm+1,Cathay Pacific,2,TPE,22h 10m,4:15 pm,11:05 pm+1,https://www.kayak.com/flights/BOS-KIX/2026-09-17/2026-10-01?sort=price_a,2026-04-26 10:52:52
1309.00,93.50,2026-09-17,2026-10-01,14,Thursday,September,NGO,Nagoya (Chubu Centrair),False,Cathay Pacific,1,HKG,11h 15m,1:45 am,9:15 pm+1,Cathay Pacific,1,,30h 30m,10:00 am,11:05 pm,https://www.kayak.com/flights/BOS-NGO/2026-09-17/2026-10-01?sort=price_a,2026-04-26 10:53:02
1074.00,76.71,2026-09-18,2026-10-02,14,Friday,September,NRT,Tokyo (Narita),False,"WestJet, ZIPAIR",2,"YYC, YVR",1h 40m,6:30 pm,12:40 pm+2,"ZIPAIR, Air Canada",3,,10h 30m,3:55 pm,9:55 am+1,https://www.kayak.com/flights/BOS-NRT/2026-09-18/2026-10-02?sort=price_a,2026-04-26 10:53:12
1409.00,100.64,2026-09-18,2026-10-02,14,Friday,September,HND,Tokyo (Haneda),False,Cathay Pacific,1,HKG,3h 40m,1:45 am,1:55 pm+1,Cathay Pacific,1,,23h 10m,10:05 am,11:05 pm,https://www.kayak.com/flights/BOS-HND/2026-09-18/2026-10-02?sort=price_a,2026-04-26 10:53:15
1404.00,100.29,2026-09-18,2026-10-02,14,Friday,September,KIX,Osaka (Kansai),False,Cathay Pacific,1,HKG,3h 10m,1:45 am,12:55 pm+1,Cathay Pacific,2,TPE,22h 10m,4:15 pm,11:05 pm+1,https://www.kayak.com/flights/BOS-KIX/2026-09-18/2026-10-02?sort=price_a,2026-04-26 10:53:21
1409.00,100.64,2026-09-18,2026-10-02,14,Friday,September,NGO,Nagoya (Chubu Centrair),False,Cathay Pacific,1,HKG,5h 10m,1:45 am,3:05 pm+1,Cathay Pacific,1,,24h 20m,10:00 am,11:05 pm,https://www.kayak.com/flights/BOS-NGO/2026-09-18/2026-10-02?sort=price_a,2026-04-26 10:53:26
